<?xml version="1.0" encoding="UTF-8"?>
<!DOCTYPE suite SYSTEM "https://testng.org/testng-1.0.dtd">
<suite name="Bank_Account_Suite">
  <test thread-count="5" name="Bank_Account_Test">
    <classes>
      <class name="bank_account.Add_BankAccount_saving"/>
      <class name="bank_account.Add_BankAccount_current"/>
      <class name="bank_account.BA_Branch_Name_blank"/>
      <class name="bank_account.BA_AccouNum_specialcharNum"/>
      <class name="bank_account.BA_BankNameField_blank"/>
      <class name="bank_account.BA_IFSC_less_than11"/>
      <class name="bank_account.Search_Bank"/>
      <class name="bank_account.BA_AccouNum_more_than_20"/>
      <class name="bank_account.BA_AccHolderName_blank"/>
      <class name="bank_account.BA_AccouNum_blank"/>
      <class name="bank_account.BA_All_field_blank"/>
      <class name="bank_account.BA_AccouNum_less_than9"/>
      <class name="bank_account.BA_IFSC_Blank"/>
      <class name="bank_account.BA_AccHName_special_char"/>
      <class name="bank_account.BA_IFSC_more_than11"/>
      <class name="bank_account.BA_BranchName_specialcharNum"/>
      <class name="bank_account.BA_IFSC_SpecialcharNum"/>
      <class name="bank_account.BA_BankNameField_specialChar"/>
      <class name="bank_account.Delete_Bank_Account"/>
    </classes>
  </test> <!-- Bank_Account_Test -->
</suite> <!-- Bank_Account_Suite -->
