<?xml version="1.0" encoding="UTF-8"?>
<!DOCTYPE suite SYSTEM "https://testng.org/testng-1.0.dtd">
<suite name="Suite">
  <test thread-count="5" name="Test">
    <classes>
      <class name="create_account.CA_InvalidPass_SmallLetters"/>
      <class name="create_account.CA_InvalidPass_CapitalLetters"/>
      <class name="create_account.CA_InvalidPass_Numbers"/>
      <class name="create_account.CA_NoEmailPass"/>
      <class name="create_account.CA_ExistingEmail"/>
      <class name="create_account.InvalidPass_moreThan8Char"/>
      <class name="create_account.CA_InvalidPass_capitalLettermissing"/>
      <class name="create_account.CA_NoEmail"/>
      <class name="create_account.CA_NoPass"/>
      <class name="create_account.CA_InvalidPass_Letters"/>
      <class name="create_account.CA_InvalidPass_NoNumber"/>
      <class name="create_account.CA_Continue_with_google"/>
      <class name="create_account.CA_InvalidPass_SpecialChar"/>
      <class name="create_account.CA_InavlidPass_specialcharMissing"/>
      <class name="create_account.CA_InvalidPass_lessthan8Char"/>
      <class name="create_account.CA_validData"/>
    </classes>
  </test> <!-- Test -->
</suite> <!-- Suite -->
