<?xml version="1.0" encoding="UTF-8"?>
<!DOCTYPE suite SYSTEM "https://testng.org/testng-1.0.dtd">
<suite name="Enter_OTP">
  <test thread-count="5" name="Test">
    <classes>
      <class name="enter_OTP.NoOTP_verify"/>
      <class name="enter_OTP.enter_verify"/>
      <class name="enter_OTP.Resend_OTP_Verified"/>
      <class name="enter_OTP.OTP_doubleclick"/>
      <class name="enter_OTP.More_digit_OTP"/>
      <class name="enter_OTP.Less_digit"/>
      <class name="enter_OTP.Invalid_OTP"/>
      <class name="enter_OTP.T_Resend_OTP"/>
      <class name="enter_OTP.Resend_OTP_InvalidOTP"/>
    </classes>
  </test> <!-- Test -->
</suite> <!-- Enter_OTP -->
