<?xml version="1.0" encoding="UTF-8"?>
<!DOCTYPE suite SYSTEM "https://testng.org/testng-1.0.dtd">
<suite name="Invoice_Suite">
  <test thread-count="5" name="Invoice_Test">
    <classes>
      <class name="invoice_testing.MNGL_Confirm_Invoice_incorrectMsg_mandatoryMsg"/>
      <class name="invoice_testing.Invoive_Group_By_Purchase_Dashboard_search"/>
      <class name="invoice_testing.TC_InvoiceUpload_HeroMoto_seller"/>
      <class name="invoice_testing.TC_MNGL_Download_Invoice"/>
      <class name="invoice_testing.TC_MNGL_Reject_Invoice"/>
      <class name="invoice_testing.Invoive_Group_By_Sales_Dashboard_search"/>
      <class name="invoice_testing.Pay_Later_Valid_7Days"/>
      <class name="invoice_testing.Pay_Now_Fullpayment_Valid"/>
      <class name="invoice_testing.TC_InvoiceUpload_MNGL_Buyer"/>
      <class name="invoice_testing.Pay_Now_InvalidAmount_MandatoryMsg"/>
      <class name="invoice_testing.TC_MNGL_Confirm_Invoice"/>
      <class name="invoice_testing.Pay_Now_Partpayment_Valid"/>
    </classes>
  </test> <!-- Invoice_Test -->
</suite> <!-- Invoice_Suite -->
