<?xml version="1.0" encoding="UTF-8"?>
<!DOCTYPE suite SYSTEM "https://testng.org/testng-1.0.dtd">
<suite name="payment_History_Suite">
  <test thread-count="5" name="payment_History_Test">
    <classes>
      <class name="payment_History.Excel_Sheet_download"/>
      <class name="payment_History.Search_By_Payment_Date"/>
      <class name="payment_History.Search_by_seller_Name"/>
      <class name="payment_History.Search_By_Invoice_Number"/>
      <class name="payment_History.Search_By_Invoice_Date"/>
      <class name="payment_History.TC_pAYMENT_hISTORY"/>
    </classes>
  </test> <!-- payment_History_Test -->
</suite> <!-- payment_History_Suite -->
