<?xml version="1.0" encoding="UTF-8"?>
<!DOCTYPE suite SYSTEM "https://testng.org/testng-1.0.dtd">
<suite thread-count="4" name="Reports_Suite">
  <test thread-count="4" name="Reports_Test">
    <classes>
      <class name="reports.Excel_sheet"/>
      <class name="reports.Transaction_statement"/>
      <class name="reports.Search_by_Invoice_Status_Not_Paid"/>
      <class name="reports.Search_by_Invoice_Status_Paid"/>
      <class name="reports.Search_by_seller_name"/>
      <class name="reports.Search_by_Invoice_Date"/>
      <class name="reports.Search_by_Invoice_Number"/>
    </classes>
  </test> <!-- Reports_Test -->
</suite> <!-- Reports_Suite -->
