<?xml version="1.0" encoding="UTF-8"?>
<!DOCTYPE suite SYSTEM "https://testng.org/testng-1.0.dtd">
<suite name="Sign_up_module">
  <test thread-count="5" name="Sign_Up_TC">
    <classes>
      <class name="sign_Up.TC_01_GetStarted"/>
      <class name="sign_Up.Sign_Up_link_availabe"/>
       <class name="sign_Up.SignUp_successfully"/>     
      <class name="sign_Up.Sign_Up_Nodata_Click"/>
      <class name="sign_Up.SignUp_FN_Blank"/>
      <class name="sign_Up.SignUp_FN_SpecialCharNum"/>     
      <class name="sign_Up.SignUp_LN_SpecialCharNum"/>
      <class name="sign_Up.SignUp_LN_Blank"/>
      <class name="sign_Up.Sign_Up_LN_SpecialCharNum"/>
      <class name="sign_Up.Sign_Up_InvalidMN_NoMN"/>
      <class name="sign_Up.Sign_Up_InvalidMobNo"/>
      <class name="sign_Up.Sign_Up_InvalidMN_moreThan10"/>
      <class name="sign_Up.Sign_Up_InvalidMN_lessthan10"/>
      
    </classes>
  </test> <!-- Test -->
</suite> <!-- Sign_up_module -->
