<?xml version="1.0" encoding="UTF-8"?>
<!DOCTYPE suite SYSTEM "https://testng.org/testng-1.0.dtd">
<suite thread-count="4" name="All_in_one_Suite">
  <test thread-count="4" name="All_in_one_Test">
    <classes>
      <class name="manage_Users.click_on_Next_Page"/>
      <class name="invoices.Items_per_page_50"/>
      <class name="manage_companies.edit_company_status_Inactive"/>
      <class name="invoices.Invoice_due_in_5days"/>
      <class name="edit_Invoices_Details.Edit_Invoice_Status_Paid"/>
      <class name="edit_Invoices_Details.Edit_Invoice_Date"/>
      <class name="manage_staff.Edit_user_xuriti_admin"/>
      <class name="e_mandate.Items_per_page_50"/>
      <class name="e_mandate.E_Mandate_search_by_Invoice_No"/>
      <class name="manage_companies.edit_admin_name"/>
      <class name="manage_companies.Click_on_edit_credit_plan"/>
      <class name="manage_companies.edit_company_status_Approved"/>
      <class name="invoices.Invoice_due_in_7days"/>
      <class name="manage_staff.click_on_Next_Page"/>
      <class name="manage_Users.Edit_usrs_EmailId"/>
      <class name="manage_staff.Add_user_creditManager"/>
      <class name="manage_companies.edit_admin_mobile_num"/>
      <class name="e_mandate.click_on_Next_Page"/>
      <class name="manage_Users.Edit_usrs_User_Type_Pending"/>
      <class name="manage_companies.edit_state"/>
      <class name="manage_staff.Edit_user_to_Active"/>
      <class name="invoices.Search_by_invoice_num"/>
      <class name="payment_history.Search_by_invoice_date"/>
      <class name="invoices.Invoice_Status_Confirmed"/>
      <class name="manage_companies.edit_Intrest"/>
      <class name="manage_companies.edit_CIN"/>
      <class name="manage_staff.Add_user_admin"/>
      <class name="manage_Users.Edit_usrs_LN"/>
      <class name="manage_staff.Resend_Invite"/>
      <class name="invoices.Invoice_Status_Partpay"/>
      <class name="manage_Users.Items_per_page_50"/>
      <class name="manage_Users.Edit_usrs_Mob_Num"/>
      <class name="manage_companies.click_on_Next_Page"/>
      <class name="manage_companies.Credit_plan_selection_2"/>
      <class name="manage_companies.Credit_plan_selection_3"/>
      <class name="manage_companies.Credit_plan_selection_4"/>
      <class name="manage_companies.Credit_plan_selection_5"/>
      <class name="manage_companies.edit_type_of_business"/>
      <class name="manage_companies.Credit_plan_selection_1"/>
      <class name="payment_history.Change_status_to_Failure"/>
      <class name="edit_Invoices_Details.Edit_Invoice_Status_Draft"/>
      <class name="manage_Users.Edit_usrs_User_Type_Inactive"/>
      <class name="manage_companies.Credit_plan_selection_6"/>
      <class name="manage_companies.Credit_plan_selection_7"/>
      <class name="payment_history.Change_status_to_Paid"/>
      <class name="invoices.Invoice_due_in_2days"/>
      <class name="manage_companies.Search_by_Approve_company"/>
      <class name="manage_companies.Search_by_company_name"/>
      <class name="edit_Invoices_Details.Edit_Invoice_Status_Pending"/>
      <class name="manage_companies.edit_company_status_Hold"/>
      <class name="manage_companies.edit_company_email_add"/>
      <class name="invoices.Invoice_Status_Duplicate"/>
      <class name="payment_history.Search_by_payment_date"/>
      <class name="manage_Users.Edit_usrs_User_Type_Active"/>
      <class name="invoices.click_on_Next_Page"/>
      <class name="manage_staff.Edit_user_MN_admin"/>
      <class name="manage_companies.Items_per_page_20"/>
      <class name="payment_history.Change_status_to_Pending"/>
      <class name="manage_companies.edit_annual_turnover"/>
      <class name="edit_Invoices_Details.Edit_Invoice_Status_Buyer_Absent"/>
      <class name="invoices.Select_User_Type_Seller"/>
      <class name="manage_staff.Edit_user_FN_admin"/>
      <class name="invoices.Invoice_Status_Paid"/>
      <class name="manage_companies.edit_gst_no"/>
      <class name="invoices.Invoice_Status_Seller_Absent"/>
      <class name="payment_history.Search_by_invoice_no"/>
      <class name="manage_companies.edit_company_mobile_num"/>
      <class name="invoices.Select_User_Buyer"/>
      <class name="manage_companies.edit_pin_code"/>
      <class name="manage_companies.edit_district"/>
      <class name="edit_Invoices_Details.Edit_Invoice_Status_Duplicate"/>
      <class name="manage_staff.Edit_user_to_Xuriti_Staff"/>
      <class name="edit_Invoices_Details.Edit_Invoice_Status_Confirmed"/>
      <class name="manage_companies.edit_credit_limit"/>
      <class name="edit_Invoices_Details.Edit_Invoice_outstandig_amount"/>
      <class name="edit_Invoices_Details.Edit_Invoice_Status_Seller_Absent"/>
      <class name="edit_Invoices_Details.Edit_Invoice_Status_Rejected"/>
      <class name="invoices.Invoice_Status_Pending"/>
      <class name="payment_history.Items_per_page_20"/>
      <class name="manage_companies.edit_company_name"/>
      <class name="manage_companies.Search_by_Hold_company"/>
      <class name="invoices.Search_by_invoice_GST_num"/>
      <class name="manage_companies.edit_admin_email_add"/>
      <class name="manage_companies.Items_per_page_50"/>
      <class name="invoices.Items_per_page_20"/>
      <class name="invoices.Invoice_Status_Buyer_Absent"/>
      <class name="invoices.Invoice_due_in_10days"/>
      <class name="manage_staff.Add_user_staff"/>
      <class name="manage_staff.Edit_user_LN_admin"/>
      <class name="edit_Invoices_Details.Edit_Invoice_Extra_credit_Yes"/>
      <class name="edit_Invoices_Details.Edit_Invoice_Extra_credit_No"/>
      <class name="edit_Invoices_Details.Edit_Invoice_Amount"/>
      <class name="manage_staff.Edit_user_email_admin"/>
      <class name="e_mandate.Items_per_page_20"/>
      <class name="manage_staff.Edit_user_to_Inactive"/>
      <class name="manage_staff.Items_per_page_50"/>
      <class name="manage_companies.Search_by_gst"/>
      <class name="edit_Invoices_Details.Edit_Invoice_No"/>
      <class name="payment_history.Items_per_page_50"/>
      <class name="manage_companies.edit_company_pan"/>
      <class name="invoices.Invoice_Status_Rejected"/>
      <class name="manage_Users.Items_per_page_10"/>
      <class name="manage_staff.Items_per_page_20"/>
      <class name="manage_staff.Search_user_by_name"/>
      <class name="invoices.Invoice_Status_Incomplete"/>
      <class name="edit_Invoices_Details.Edit_Invoice_Due_Date"/>
      <class name="invoices.Search_by_invoice_date"/>
      <class name="manage_companies.Search_by_Inactive_company"/>
      <class name="manage_Users.Edit_usrs_FN"/>
      <class name="payment_history.click_on_Next_Page"/>
      <class name="manage_companies.edit_TAN"/>
      <class name="manage_Users.TC_Search_user_by_name"/>
      <class name="manage_companies.date_range_based_on_the_registration"/>
    </classes>
  </test> <!-- All_in_one_Test -->
</suite> <!-- All_in_one_Suite -->
