<?xml version="1.0" encoding="UTF-8"?>
<!DOCTYPE suite SYSTEM "https://testng.org/testng-1.0.dtd">
<suite name="Invoices_Suite">
  <test thread-count="5" name="Invoices_Test">
    <classes>
      <class name="invoices.Search_by_invoice_date"/>
      <class name="invoices.Invoice_due_in_7days"/>
      <class name="invoices.Invoice_Status_Partpay"/>
      <class name="invoices.Invoice_due_in_2days"/>
      <class name="invoices.Search_by_invoice_GST_num"/>
      <class name="invoices.Items_per_page_50"/>
      <class name="invoices.Invoice_due_in_5days"/>
      <class name="invoices.Invoice_Status_Paid"/>
      <class name="invoices.Invoice_Status_Buyer_Absent"/>
      <class name="invoices.Items_per_page_10"/>
      <class name="invoices.Invoice_Status_Seller_Absent"/>
      <class name="invoices.Invoice_due_in_10days"/>
      <class name="invoices.Search_by_company_name"/>
      <class name="invoices.Search_by_invoice_num"/>
      <class name="invoices.Invoice_Status_Duplicate"/>
      <class name="invoices.Invoice_Status_Confirmed"/>
      <class name="invoices.Invoice_Status_Rejected"/>
      <class name="invoices.click_on_Next_Page"/>
      <class name="invoices.Invoice_Status_Incomplete"/>
      <class name="invoices.Invoice_Status_Pending"/>
    </classes>
  </test> <!-- Invoices_Test -->
</suite> <!-- Invoices_Suite -->
