<?xml version="1.0" encoding="UTF-8"?>
<!DOCTYPE suite SYSTEM "https://testng.org/testng-1.0.dtd">
<suite thread-count="4" name="e_mandate_Suite">
  <test thread-count="4" name="e_mandate_Test">
    <classes>
      <class name="e_mandate.Items_per_page_20"/>
      <class name="e_mandate.Items_per_page_50"/>
      <class name="e_mandate.E_Mandate_search_by_Invoice_No"/>
      <class name="e_mandate.click_on_Next_Page"/>
    </classes>
  </test> <!-- e_mandate_Test -->
</suite> <!-- e_mandate_Suite -->
