<?xml version="1.0" encoding="UTF-8"?>
<!DOCTYPE suite SYSTEM "https://testng.org/testng-1.0.dtd">
<suite name="edit_invoices_Suite">
  <test thread-count="5" name="edit_invoices_Test">
    <classes>
      <class name="edit_Invoices_Details.Edit_Invoice_Status_Buyer_Absent"/>
      <class name="edit_Invoices_Details.Edit_Invoice_No"/>
      <class name="edit_Invoices_Details.Edit_Invoice_Status_Pending"/>
      <class name="edit_Invoices_Details.Edit_Invoice_Status_Duplicate"/>
      <class name="edit_Invoices_Details.Edit_Invoice_Status_Confirmed"/>
      <class name="edit_Invoices_Details.Edit_Invoice_Extra_credit_Yes"/>
      <class name="edit_Invoices_Details.Edit_Invoice_Status_Paid"/>
      <class name="edit_Invoices_Details.Edit_Invoice_Date"/>
      <class name="edit_Invoices_Details.Edit_Invoice_Extra_credit_No"/>
      <class name="edit_Invoices_Details.Edit_Invoice_Amount"/>
      <class name="edit_Invoices_Details.Edit_Invoice_outstandig_amount"/>
      <class name="edit_Invoices_Details.Edit_Invoice_Status_Seller_Absent"/>
      <class name="edit_Invoices_Details.Edit_Invoice_Status_Draft"/>
      <class name="edit_Invoices_Details.Edit_Invoice_Status_Rejected"/>
      <class name="edit_Invoices_Details.Edit_Invoice_Due_Date"/>
    </classes>
  </test> <!-- edit_invoices_Test -->
</suite> <!-- edit_invoices_Suite -->
