<?xml version="1.0" encoding="UTF-8"?>
<!DOCTYPE suite SYSTEM "https://testng.org/testng-1.0.dtd">
<suite name="manage_companies_Suite">
  <test thread-count="5" name="manage_companies_Test">
    <classes>
      <class name="manage_companies.Search_by_gst"/>
      <class name="manage_companies.edit_gst_no"/>
      <class name="manage_companies.click_on_Next_Page"/>
      <class name="manage_companies.edit_company_pan"/>
      <class name="manage_companies.Company_status_Approved"/>
      <class name="manage_companies.Hold_Company"/>
      <class name="manage_companies.edit_company_mobile_num"/>
      <class name="manage_companies.edit_pin_code"/>
      <class name="manage_companies.edit_district"/>
      <class name="manage_companies.Credit_plan_selection_2"/>
      <class name="manage_companies.Credit_plan_selection_3"/>
      <class name="manage_companies.Credit_plan_selection_4"/>
      <class name="manage_companies.Credit_plan_selection_5"/>
      <class name="manage_companies.Approve_company"/>
      <class name="manage_companies.edit_type_of_business"/>
      <class name="manage_companies.edit_credit_limit"/>
      <class name="manage_companies.Credit_plan_selection_1"/>
      <class name="manage_companies.Items_per_page_10"/>
      <class name="manage_companies.Company_status_Hold"/>
      <class name="manage_companies.edit_admin_name"/>
      <class name="manage_companies.Credit_plan_selection_6"/>
      <class name="manage_companies.Credit_plan_selection_7"/>
      <class name="manage_companies.edit_company_name"/>
      <class name="manage_companies.edit_admin_email_add"/>
      <class name="manage_companies.Items_per_page_50"/>
      <class name="manage_companies.edit_credit_plan"/>
      <class name="manage_companies.edit_admin_mobile_num"/>
      <class name="manage_companies.Search_by_company_name"/>
      <class name="manage_companies.edit_state"/>
      <class name="manage_companies.edit_TAN"/>
      <class name="manage_companies.edit_company_email_add"/>
      <class name="manage_companies.edit_Intrest"/>
      <class name="manage_companies.edit_CIN"/>
      <class name="manage_companies.Company_status_inactive"/>
      <class name="manage_companies.date_range_based_on_the_registration"/>
      <class name="manage_companies.edit_annual_turnover"/>
    </classes>
  </test> <!-- manage_companies_Test -->
</suite> <!-- manage_companies_Suite -->
