<?xml version="1.0" encoding="UTF-8"?>
<!DOCTYPE suite SYSTEM "https://testng.org/testng-1.0.dtd">
<suite thread-count="4" name="Manage_Users_Suite">
  <test thread-count="4" name="Manage_Users_Test">
    <classes>
      <class name="manage_Users.click_on_Next_Page"/>
      <class name="manage_Users.Edit_usrs_EmailId"/>
      <class name="manage_Users.TC_Search_user_by_name"/>
      <class name="manage_Users.Edit_usrs_User_Type_Active"/>
      <class name="manage_Users.Items_per_page_10"/>
      <class name="manage_Users.Edit_usrs_LN"/>
      <class name="manage_Users.Edit_usrs_Mob_Num"/>
      <class name="manage_Users.Items_per_page_50"/>
      <class name="manage_Users.Edit_usrs_User_Type_Pending"/>
      <class name="manage_Users.Edit_usrs_User_Type_Inactive"/>
      <class name="manage_Users.Edit_usrs_FN"/>
    </classes>
  </test> <!-- Manage_Users_Test -->
</suite> <!-- Manage_Users_Suite -->
