<?xml version="1.0" encoding="UTF-8"?>
<!DOCTYPE suite SYSTEM "https://testng.org/testng-1.0.dtd">
<suite thread-count="4" name="Manage_staff_Suite">
  <test thread-count="4" name="Manage_staff__test">
    <classes>
      <class name="manage_staff.click_on_Next_Page"/>
      <class name="manage_staff.Add_user_creditManager"/>
      <class name="manage_staff.Edit_user_FN_admin"/>
      <class name="manage_staff.Add_user_staff"/>
      <class name="manage_staff.Edit_user_to_Active"/>
      <class name="manage_staff.Edit_user_LN_admin"/>
      <class name="manage_staff.Edit_user_to_Xuriti_Staff"/>
      <class name="manage_staff.Edit_user_xuriti_admin"/>
      <class name="manage_staff.Edit_user_email_admin"/>
      <class name="manage_staff.Add_user_admin"/>
      <class name="manage_staff.Edit_user_MN_admin"/>
      <class name="manage_staff.Resend_Invite"/>
      <class name="manage_staff.Edit_user_to_Inactive"/>
      <class name="manage_staff.Items_per_page_20"/>
      <class name="manage_staff.Search_user_by_name"/>
      <class name="manage_staff.Items_per_page_50"/>
    </classes>
  </test> <!-- Manage_staff__test -->
</suite> <!-- Manage_staff_Suite -->
