<?xml version="1.0" encoding="UTF-8"?>
<!DOCTYPE suite SYSTEM "https://testng.org/testng-1.0.dtd">
<suite thread-count="4" name="Payment_History_Suite">
  <test thread-count="4" name="Payment_History_Test">
    <classes>
      <class name="payment_history.Change_status_to_Paid"/>
      <class name="payment_history.Search_by_payment_date"/>
      <class name="payment_history.Items_per_page_20"/>
      <class name="payment_history.Search_by_invoice_date"/>
      <class name="payment_history.Items_per_page_50"/>
      <class name="payment_history.Change_status_to_Failure"/>
      <class name="payment_history.Search_by_invoice_no"/>
      <class name="payment_history.click_on_Next_Page"/>
      <class name="payment_history.Change_status_to_Pending"/>
    </classes>
  </test> <!-- Payment_History_Test -->
</suite> <!-- Payment_History_Suite -->
