<?xml version="1.0" encoding="UTF-8"?>
<!DOCTYPE suite SYSTEM "https://testng.org/testng-1.0.dtd">
<suite name="Company_Registration_Selection_Suite">
  <test thread-count="5" name="Company_Registration_Selection_Test">
    <classes>
      <class name="company_Registration_selection.Add_New_Comp"/>
      <class name="company_Registration_selection.Registration_link_clickable_OrNot"/>
      <class name="company_Registration_selection.Login_on_click_to_companyName"/>
      <class name="company_Registration_selection.Show_multiple_companies"/>
      <class name="company_Registration_selection.User_logged_into_company_once_click"/>
      <class name="company_Registration_selection.INVALID_gst"/>
    </classes>
  </test> <!-- Company_Registration_Selection_Test -->
</suite> <!-- Company_Registration_Selection_Suite -->
