<?xml version="1.0" encoding="UTF-8"?>
<!DOCTYPE suite SYSTEM "https://testng.org/testng-1.0.dtd">
<suite name="Forgot_password_Suite">
  <test thread-count="5" name="Forgot_password_Test">
    <classes>
      <class name="fogot_password.Forgot_pass_withoutEmail_click"/>
      <class name="fogot_password.Forgot_pass_Multiple_click"/>
      <class name="fogot_password.Forgot_Pass_NotRegisteredEmailId"/>
      <class name="fogot_password.Forgot_Pass_Invalid_Email"/>
      <class name="fogot_password.Forgot_Password_recovery_link"/>
      <class name="fogot_password.Forgot_password_link_click"/>
    </classes>
  </test> <!-- Forgot_password_Test -->
</suite> <!-- Forgot_password_Suite -->
