<?xml version="1.0" encoding="UTF-8"?>
<!DOCTYPE suite SYSTEM "https://testng.org/testng-1.0.dtd">
<suite name="Login_Now_link_Suite">
  <test thread-count="5" name="Login_Now_link_Test">
    <classes>
      <class name="login_Now_link.Back_arrow_enter_OTP_Page"/>
      <class name="login_Now_link.Login_Now_link_CAPage"/>
      <class name="login_Now_link.Login_now_link_sign_up"/>
      <class name="login_Now_link.Login_Page"/>
      <class name="login_Now_link.Login_Now_link_OTP_Page"/>
    </classes>
  </test> <!-- Login_Now_link_Test -->
</suite> <!-- Login_Now_link_Suite -->
