<?xml version="1.0" encoding="UTF-8"?>
<!DOCTYPE suite SYSTEM "https://testng.org/testng-1.0.dtd">
<suite name="Login_page_Suite">
  <test thread-count="5" name="Login_page_Test">
    <classes>
      <class name="login_page.Login_Page_Invalid_Pass"/>
      <class name="login_page.Login_Page_No_data"/>
      <class name="login_page.Login_Page_NotRegisterdEmail"/>
      <class name="login_page.Login_Page_NoPassword"/>
      <class name="login_page.Login_Page_Valid_Data"/>
      <class name="login_page.Login_Page_NoEmailId"/>
      <class name="login_page.Login_Page_Invalid_Data"/>
    </classes>
  </test> <!-- Login_page_Test -->
</suite> <!-- Login_page_Suite -->
