<?xml version="1.0" encoding="UTF-8"?>
<!DOCTYPE suite SYSTEM "https://testng.org/testng-1.0.dtd">
<suite name="Manage_User_Suite">
  <test thread-count="5" name="Manage_User_Test">
    <classes>
      <class name="manage_user_testing.Add_user_presentOr_not"/>
      <class name="manage_user_testing.Manage_User_add_admin"/>
      <class name="manage_user_testing.Manage_user_add_standard"/>
      <class name="manage_user_testing.Add_User_No_User_TypeSelected"/>
      <class name="manage_user_testing.Manage_User_Edit_to_standard"/>
      <class name="manage_user_testing.Edit_user_MN_lessthan10"/>
      <class name="manage_user_testing.Logged_user_type__isAdmin_inManageUserTable"/>
      <class name="manage_user_testing.Manage_user_edit_to_admin"/>
      <class name="manage_user_testing.Edit_user_FN_blank"/>
      <class name="manage_user_testing.Delete_user_cancel_button"/>
      <class name="manage_user_testing.Search_Option_on_UserManag"/>
      <class name="manage_user_testing.Edit_user_with_NoData"/>
      <class name="manage_user_testing.Add_User_EmailId_Blank"/>
      <class name="manage_user_testing.Search_Option_On_UM_NoData"/>
      <class name="manage_user_testing.Add_User_LN_SpecicharNum"/>
      <class name="manage_user_testing.Edit_user_blank_emailid"/>
      <class name="manage_user_testing.Add_User_FN_SpecialcharNum"/>
      <class name="manage_user_testing.Add_User_Invalid_EmailId"/>
      <class name="manage_user_testing.Edit_user_invalid_mobNo"/>
      <class name="manage_user_testing.Edit_user_FN_numberSpecialchar"/>
      <class name="manage_user_testing.Add_User_LN_Blank"/>
      <class name="manage_user_testing.Add_User_FN_Blank"/>
      <class name="manage_user_testing.Edit_user_invalid_emailid"/>
      <class name="manage_user_testing.Edit_User_LN_Blank"/>
      <class name="manage_user_testing.Edit_User_Cancel_button"/>
      <class name="manage_user_testing.Edit_user_withNoChange_confirm"/>
      <class name="manage_user_testing.Edit_user_LN_numSpecialChar"/>
      <class name="manage_user_testing.Resend_Invite_present_clickable_confirmationMsg"/>
      <class name="manage_user_testing.Manage_user_add_standard"/>
      <class name="manage_user_testing.Add_User_MN_morethan10"/>
      <class name="manage_user_testing.Add_User_All_Field_blank"/>
      <class name="manage_user_testing.Add_User_MN_lessthan10"/>
      <class name="manage_user_testing.Edit_user_MN_morethan10"/>
      <class name="manage_user_testing.Manage_User_Delete"/>
    </classes>
  </test> <!-- Manage_User_Test -->
</suite> <!-- Manage_User_Suite -->
